http://www.snapshotserengeti.org/subjects/standard/50dcd712a2fc8e3789107b4a_0.jpg		
http://www.snapshotserengeti.org/subjects/standard/50dc97b4a2fc8e3789088ec1_0.jpg		
http://www.snapshotserengeti.org/subjects/standard/50dcd39ca2fc8e37890f40b1_0.jpg		
http://www.snapshotserengeti.org/subjects/standard/50dc9f5ca2fc8e37890a6187_0.jpg		
http://www.snapshotserengeti.org/subjects/standard/50dcd6e6a2fc8e3789105875_0.jpg		
http://www.snapshotserengeti.org/subjects/standard/50dc9d37a2fc8e378909a167_0.jpg		
http://www.snapshotserengeti.org/subjects/standard/50dc962fa2fc8e3789080465_0.jpg		
http://www.snapshotserengeti.org/subjects/standard/50dc8e67a2fc8e378905a43c_0.jpg		
http://www.snapshotserengeti.org/subjects/standard/50dc7835a2fc8e3789021647_0.jpg		
http://www.snapshotserengeti.org/subjects/standard/50c2134d8a607540b902bf01_0.jpg		
http://www.snapshotserengeti.org/subjects/standard/50dcb699a2fc8e37890e7b58_0.jpg		
http://www.snapshotserengeti.org/subjects/standard/50dcb437a2fc8e37890da761_0.jpg		
http://www.snapshotserengeti.org/subjects/standard/50dc9431a2fc8e378907409e_0.jpg		
http://www.snapshotserengeti.org/subjects/standard/50dc9418a2fc8e37890730fc_0.jpg		
http://www.snapshotserengeti.org/subjects/standard/50dc782ca2fc8e37890211dc_0.jpg		
http://www.snapshotserengeti.org/subjects/standard/50dc7269a2fc8e3789010b78_0.jpg		
http://www.snapshotserengeti.org/subjects/standard/50dc722ea2fc8e378900f168_0.jpg		
http://www.snapshotserengeti.org/subjects/standard/50dc9c7ea2fc8e3789094e7e_0.jpg		
http://www.snapshotserengeti.org/subjects/standard/50dc8c3da2fc8e3789051b02_0.jpg		
http://www.snapshotserengeti.org/subjects/standard/50c210408a607540b9002687_1.jpg
http://www.snapshotserengeti.org/subjects/standard/50c210c18a607540b90091bf_1.jpg
http://www.snapshotserengeti.org/subjects/standard/50c210c28a607540b90091e9_1.jpg
http://www.snapshotserengeti.org/subjects/standard/50c211018a607540b900c698_1.jpg
http://www.snapshotserengeti.org/subjects/standard/50c2116f8a607540b9012374_1.jpg
http://www.snapshotserengeti.org/subjects/standard/50c2121e8a607540b901b516_1.jpg
http://www.snapshotserengeti.org/subjects/standard/50c212bd8a607540b9024db5_1.jpg
http://www.snapshotserengeti.org/subjects/standard/50c213428a607540b902b575_1.jpg
http://www.snapshotserengeti.org/subjects/standard/50c213e98a607540b9033aff_1.jpg
http://www.snapshotserengeti.org/subjects/standard/50c2140e8a607540b90359cc_1.jpg
http://www.snapshotserengeti.org/subjects/standard/50c2141f8a607540b9036678_1.jpg
http://www.snapshotserengeti.org/subjects/standard/50c214e58a607540b904074d_1.jpg
http://www.snapshotserengeti.org/subjects/standard/50c215e58a607540b904bc11_1.jpg
http://www.snapshotserengeti.org/subjects/standard/50c2163e8a607540b904fbd3_1.jpg
http://www.snapshotserengeti.org/subjects/standard/50c217188a607540b9059246_1.jpg
http://www.snapshotserengeti.org/subjects/standard/50c219b08a607540b9078dcc_1.jpg
http://www.snapshotserengeti.org/subjects/standard/50dc6fe9a2fc8e378900468d_1.jpg
http://www.snapshotserengeti.org/subjects/standard/50dc6feea2fc8e37890047ea_1.jpg
http://www.snapshotserengeti.org/subjects/standard/50dc7645a2fc8e378901388a_1.jpg
http://www.snapshotserengeti.org/subjects/standard/50dc77fba2fc8e378901fc5c_1.jpg
http://www.snapshotserengeti.org/subjects/standard/50dc780ba2fc8e37890204d7_1.jpg
http://www.snapshotserengeti.org/subjects/standard/50dc8189a2fc8e378902c7c5_1.jpg
http://www.snapshotserengeti.org/subjects/standard/50dc819ea2fc8e378902ce02_1.jpg
http://www.snapshotserengeti.org/subjects/standard/50dc852ca2fc8e378903be22_1.jpg
http://www.snapshotserengeti.org/subjects/standard/50dc8547a2fc8e378903cb85_1.jpg
http://www.snapshotserengeti.org/subjects/standard/50dc854da2fc8e378903ce28_1.jpg
http://www.snapshotserengeti.org/subjects/standard/50dc89b4a2fc8e37890454e9_1.jpg
http://www.snapshotserengeti.org/subjects/standard/50dc8c0ea2fc8e37890504a7_1.jpg
http://www.snapshotserengeti.org/subjects/standard/50dc8c36a2fc8e37890514f9_1.jpg
http://www.snapshotserengeti.org/subjects/standard/50dc8c37a2fc8e378905155b_1.jpg
http://www.snapshotserengeti.org/subjects/standard/50dc8c37a2fc8e3789051629_1.jpg
http://www.snapshotserengeti.org/subjects/standard/50dc8c39a2fc8e37890517a0_1.jpg
http://www.snapshotserengeti.org/subjects/standard/50dc8c39a2fc8e37890517aa_1.jpg
http://www.snapshotserengeti.org/subjects/standard/50dc8c39a2fc8e3789051818_1.jpg
http://www.snapshotserengeti.org/subjects/standard/50dc8c3da2fc8e3789051b4e_1.jpg
http://www.snapshotserengeti.org/subjects/standard/50dc8d6ea2fc8e3789055d43_1.jpg
http://www.snapshotserengeti.org/subjects/standard/50dc90fca2fc8e3789063a1a_1.jpg
http://www.snapshotserengeti.org/subjects/standard/50dc911da2fc8e378906488a_1.jpg
http://www.snapshotserengeti.org/subjects/standard/50dc9170a2fc8e3789066a5c_1.jpg
http://www.snapshotserengeti.org/subjects/standard/50dc91e3a2fc8e378906a086_1.jpg
http://www.snapshotserengeti.org/subjects/standard/50dc939ea2fc8e378906ffe2_1.jpg
http://www.snapshotserengeti.org/subjects/standard/50dc9463a2fc8e37890754ab_1.jpg
http://www.snapshotserengeti.org/subjects/standard/50dc95c9a2fc8e378907d08f_1.jpg
http://www.snapshotserengeti.org/subjects/standard/50dc97ada2fc8e37890887c7_1.jpg
http://www.snapshotserengeti.org/subjects/standard/50dc97b4a2fc8e3789088e23_1.jpg
http://www.snapshotserengeti.org/subjects/standard/50dc97bca2fc8e378908958a_1.jpg
http://www.snapshotserengeti.org/subjects/standard/50dc97e8a2fc8e378908afab_1.jpg
http://www.snapshotserengeti.org/subjects/standard/50dc9c7ba2fc8e3789094b99_1.jpg
http://www.snapshotserengeti.org/subjects/standard/50dc9cb9a2fc8e3789096526_1.jpg
http://www.snapshotserengeti.org/subjects/standard/50dc9cbfa2fc8e3789096749_1.jpg
http://www.snapshotserengeti.org/subjects/standard/50dc9d07a2fc8e3789098811_1.jpg
http://www.snapshotserengeti.org/subjects/standard/50dc9d45a2fc8e378909abd9_1.jpg
http://www.snapshotserengeti.org/subjects/standard/50dc9f4ba2fc8e37890a56b7_1.jpg
http://www.snapshotserengeti.org/subjects/standard/50dc9f4fa2fc8e37890a5989_1.jpg
http://www.snapshotserengeti.org/subjects/standard/50dc9f54a2fc8e37890a5cc6_1.jpg
http://www.snapshotserengeti.org/subjects/standard/50dc9f5ca2fc8e37890a61e2_1.jpg
http://www.snapshotserengeti.org/subjects/standard/50dca4eaa2fc8e37890bd8da_1.jpg
http://www.snapshotserengeti.org/subjects/standard/50dcac2aa2fc8e37890bff7d_1.jpg
http://www.snapshotserengeti.org/subjects/standard/50dcb0a7a2fc8e37890c6ea0_1.jpg
http://www.snapshotserengeti.org/subjects/standard/50dcb391a2fc8e37890d5160_1.jpg
http://www.snapshotserengeti.org/subjects/standard/50dcb422a2fc8e37890d9794_1.jpg
http://www.snapshotserengeti.org/subjects/standard/50dcb432a2fc8e37890da042_1.jpg
http://www.snapshotserengeti.org/subjects/standard/50dcb433a2fc8e37890da18a_1.jpg
http://www.snapshotserengeti.org/subjects/standard/50dcb43ca2fc8e37890dab4f_1.jpg
http://www.snapshotserengeti.org/subjects/standard/50dcb446a2fc8e37890db342_1.jpg
http://www.snapshotserengeti.org/subjects/standard/50dcb5e3a2fc8e37890e33b0_1.jpg
http://www.snapshotserengeti.org/subjects/standard/50dcd2b4a2fc8e37890ed86a_1.jpg
http://www.snapshotserengeti.org/subjects/standard/50dcd2c1a2fc8e37890ee107_1.jpg
http://www.snapshotserengeti.org/subjects/standard/50dcd2c3a2fc8e37890ee499_1.jpg
http://www.snapshotserengeti.org/subjects/standard/50dcd2c4a2fc8e37890ee563_1.jpg
http://www.snapshotserengeti.org/subjects/standard/50dcd321a2fc8e37890f0e2b_1.jpg
http://www.snapshotserengeti.org/subjects/standard/50dcd6faa2fc8e37891069a1_1.jpg
http://www.snapshotserengeti.org/subjects/standard/50dcd8d1a2fc8e3789110616_1.jpg
http://www.snapshotserengeti.org/subjects/standard/50dcd8dfa2fc8e37891113e9_1.jpg
http://www.snapshotserengeti.org/subjects/standard/50dcdabaa2fc8e3789119def_1.jpg
http://www.snapshotserengeti.org/subjects/standard/50dcdb50a2fc8e378911b501_1.jpg
http://www.snapshotserengeti.org/subjects/standard/50dcdc4da2fc8e378911eb84_1.jpg
http://www.snapshotserengeti.org/subjects/standard/50dcdc53a2fc8e378911f006_1.jpg
http://www.snapshotserengeti.org/subjects/standard/50dcdc5fa2fc8e378911f8fe_1.jpg
http://www.snapshotserengeti.org/subjects/standard/50dcdc60a2fc8e378911fa0a_1.jpg
http://www.snapshotserengeti.org/subjects/standard/50dcdda4a2fc8e3789125cf3_1.jpg
